<profile version="1.0">
  <option name="myName" value="Default" />
  <inspection_tool class="PyPackageRequirementsInspection" enabled="true" level="WARNING" enabled_by_default="true">
    <option name="ignoredPackages">
      <value>
        <list size="4">
          <item index="0" class="java.lang.String" itemvalue="py-iwiacl" />
          <item index="1" class="java.lang.String" itemvalue="requests" />
          <item index="2" class="java.lang.String" itemvalue="gae-pytz" />
          <item index="3" class="java.lang.String" itemvalue="python-dateutil" />
        </list>
      </value>
    </option>
  </inspection_tool>
</profile>