<application>
  <component name="FileTypeManager" version="17">
    <ignoreFiles list="*$py.class;*.hprof;*.pyc;*.pyo;*.rbc;*.yarb;*~;.CVS;.DS_Store;.git;.hg;.reports;.svn;__pycache__;_svn;vssver.scc;vssver2.scc;" />
    <extensionMap>
      <mapping pattern="*.sh.j2" type="Bash" />
      <mapping pattern=".env" type="Bash" />
      <mapping pattern=".pgpass.j2" type="Bash" />
      <mapping ext="lock" type="JSON" />
      <mapping ext="conf" type="JSP" />
      <mapping pattern="*.conf.j2" type="JavaScript" />
      <mapping pattern=".vault_pass" type="PLAIN_TEXT" />
      <mapping pattern="cli_config" type="PLAIN_TEXT" />
      <mapping pattern="htoprc" type="PLAIN_TEXT" />
      <mapping pattern=".gitgnore" type="PLAIN_TEXT" />
      <mapping pattern="config" type="PLAIN_TEXT" />
      <mapping ext="csv" type="PLAIN_TEXT" />
      <mapping ext="crt" type="PLAIN_TEXT" />
      <mapping ext="md" type="PLAIN_TEXT" />
      <mapping ext="d1c5f465" type="PLAIN_TEXT" />
      <mapping ext="pub" type="PLAIN_TEXT" />
      <mapping ext="j2" type="PLAIN_TEXT" />
      <mapping ext="go" type="PLAIN_TEXT" />
      <mapping ext="pem" type="PLAIN_TEXT" />
      <mapping pattern="sync_demand_supply" type="Python" />
      <mapping ext="erb" type="YAML" />
      <mapping ext="docker" type="Markdown" />
      <mapping pattern=".env" type="Env File" />
    </extensionMap>
  </component>
</application>