<keymap version="1" name="Default copy" parent="$default">
  <action id="ActivateFavoritesToolWindow" />
  <action id="ActivateProjectToolWindow">
    <keyboard-shortcut first-keystroke="ctrl l" />
  </action>
  <action id="Arrangement.Alias.Rule.Edit" />
  <action id="Arrangement.Rule.Edit" />
  <action id="CheckinProject" />
  <action id="CloseContent">
    <keyboard-shortcut first-keystroke="ctrl w" />
  </action>
  <action id="CloseProject">
    <keyboard-shortcut first-keystroke="shift alt w" />
  </action>
  <action id="CodeCompletion" />
  <action id="CollapseAllRegions">
    <keyboard-shortcut first-keystroke="ctrl 1" />
  </action>
  <action id="CollapseRegionRecursively" />
  <action id="Console.Execute" />
  <action id="Console.Execute.Multiline" />
  <action id="ConvertIndentsToSpaces">
    <keyboard-shortcut first-keystroke="ctrl alt t" />
  </action>
  <action id="ConvertIndentsToTabs">
    <keyboard-shortcut first-keystroke="shift ctrl t" />
  </action>
  <action id="ConvertToUnixLineSeparators">
    <keyboard-shortcut first-keystroke="ctrl j" />
  </action>
  <action id="CopyReference">
    <keyboard-shortcut first-keystroke="ctrl alt c" />
  </action>
  <action id="DirDiffMenu.SynchronizeDiff" />
  <action id="DirDiffMenu.SynchronizeDiff.All" />
  <action id="DuplicatesForm.SendToLeft" />
  <action id="DuplicatesForm.SendToRight" />
  <action id="Editor SelectAll">
    <keyboard-shortcut first-keystroke="ctrl a" />
  </action>
  <action id="EditorDecreaseFontSize">
    <keyboard-shortcut first-keystroke="shift ctrl minus" />
  </action>
  <action id="EditorIncreaseFontSize">
    <keyboard-shortcut first-keystroke="shift ctrl equals" />
  </action>
  <action id="EditorJoinLines" />
  <action id="EditorLineStart" />
  <action id="EditorPasteSimple">
    <keyboard-shortcut first-keystroke="shift ctrl v" />
  </action>
  <action id="EditorSelectWord" />
  <action id="EditorSplitLine" />
  <action id="EditorTextStart" />
  <action id="EditorUnSelectWord" />
  <action id="ExpandAllRegions">
    <keyboard-shortcut first-keystroke="ctrl space" />
  </action>
  <action id="ExpandAllToLevel1">
    <keyboard-shortcut first-keystroke="ctrl 2" />
  </action>
  <action id="ExpandAllToLevel2">
    <keyboard-shortcut first-keystroke="ctrl 3" />
  </action>
  <action id="ExpandAllToLevel3">
    <keyboard-shortcut first-keystroke="ctrl 4" />
  </action>
  <action id="ExpandAllToLevel4">
    <keyboard-shortcut first-keystroke="ctrl 5" />
  </action>
  <action id="ExpandAllToLevel5">
    <keyboard-shortcut first-keystroke="ctrl 6" />
  </action>
  <action id="ExpandToLevel1" />
  <action id="ExpandToLevel2" />
  <action id="ExpandToLevel3" />
  <action id="ExpandToLevel4" />
  <action id="ExpandToLevel5" />
  <action id="FileChooser.GotoHome" />
  <action id="FileChooser.GotoModule" />
  <action id="FileChooser.GotoProject" />
  <action id="FileChooser.NewFolder">
    <keyboard-shortcut first-keystroke="alt insert" />
  </action>
  <action id="Find">
    <keyboard-shortcut first-keystroke="ctrl f" />
  </action>
  <action id="FindNext">
    <keyboard-shortcut first-keystroke="f3" />
  </action>
  <action id="FindPrevious">
    <keyboard-shortcut first-keystroke="shift f3" />
  </action>
  <action id="Git.Reword.Commit">
    <keyboard-shortcut first-keystroke="shift f6" />
  </action>
  <action id="GotoBookmark1" />
  <action id="GotoBookmark2" />
  <action id="GotoBookmark3" />
  <action id="GotoBookmark4" />
  <action id="GotoBookmark5" />
  <action id="GotoBookmark6" />
  <action id="GotoChangedFile" />
  <action id="GotoClass">
    <keyboard-shortcut first-keystroke="ctrl o" />
  </action>
  <action id="GotoFile">
    <keyboard-shortcut first-keystroke="shift ctrl o" />
  </action>
  <action id="GotoNextError" />
  <action id="GotoTest" />
  <action id="Images.ShowThumbnails" />
  <action id="Images.Thumbnails.EnterAction" />
  <action id="ImplementMethods" />
  <action id="InsertLiveTemplate" />
  <action id="IntroduceConstant" />
  <action id="ManageRecentProjects">
    <keyboard-shortcut first-keystroke="ctrl k" />
  </action>
  <action id="MarkAsOriginalTypeAction">
    <keyboard-shortcut first-keystroke="shift ctrl q" />
  </action>
  <action id="NewElement">
    <keyboard-shortcut first-keystroke="ctrl n" />
  </action>
  <action id="NewScratchFile">
    <keyboard-shortcut first-keystroke="shift ctrl n" />
  </action>
  <action id="NextTemplateVariable">
    <keyboard-shortcut first-keystroke="enter" />
  </action>
  <action id="OpenFile">
    <keyboard-shortcut first-keystroke="ctrl alt o" />
  </action>
  <action id="OptimizeImports">
    <keyboard-shortcut first-keystroke="ctrl enter" />
  </action>
  <action id="OverrideMethods" />
  <action id="PasteMultiple">
    <keyboard-shortcut first-keystroke="shift ctrl insert" />
  </action>
  <action id="ReformatCode">
    <keyboard-shortcut first-keystroke="ctrl enter" />
  </action>
  <action id="RenameElement">
    <keyboard-shortcut first-keystroke="f2" />
  </action>
  <action id="ReopenClosedTab">
    <keyboard-shortcut first-keystroke="shift ctrl w" />
  </action>
  <action id="RunDashboard.ShowConfigurations" />
  <action id="ShelvedChanges.Rename">
    <keyboard-shortcut first-keystroke="shift f6" />
  </action>
  <action id="ShowSettings">
    <keyboard-shortcut first-keystroke="ctrl comma" />
  </action>
  <action id="SplitHorizontally">
    <keyboard-shortcut first-keystroke="alt 2" />
  </action>
  <action id="SplitVertically">
    <keyboard-shortcut first-keystroke="alt 1" />
  </action>
  <action id="SurroundWith" />
  <action id="SwitchBootJdk">
    <keyboard-shortcut first-keystroke="shift ctrl j" />
  </action>
  <action id="Vcs.Log.FocusTextFilter" />
  <action id="ViewSource" />
  <action id="XDebugger.EditWatch" />
  <action id="XDebugger.SetValue" />
  <action id="XDebugger.ToggleSortValues">
    <keyboard-shortcut first-keystroke="shift ctrl s" />
  </action>
  <action id="tasks.close" />
</keymap>