<keymap version="1" name="Mac OS X 10.5+ copy" parent="Mac OS X 10.5+">
  <action id="ActivateProjectToolWindow">
    <keyboard-shortcut first-keystroke="ctrl l" />
  </action>
  <action id="Arrangement.Alias.Rule.Edit" />
  <action id="Arrangement.Rule.Edit" />
  <action id="CheckinProject" />
  <action id="CloseProject">
    <keyboard-shortcut first-keystroke="shift meta w" />
  </action>
  <action id="CodeCompletion" />
  <action id="CollapseAllRegions">
    <keyboard-shortcut first-keystroke="ctrl 1" />
  </action>
  <action id="Console.Execute.Multiline" />
  <action id="Console.Jdbc.Execute" />
  <action id="Console.TableResult.EditValue">
    <keyboard-shortcut first-keystroke="enter" />
    <keyboard-shortcut first-keystroke="alt enter" />
  </action>
  <action id="ConvertIndentsToTabs">
    <keyboard-shortcut first-keystroke="meta 1" />
  </action>
  <action id="DuplicatesForm.SendToLeft" />
  <action id="EditorPasteSimple">
    <keyboard-shortcut first-keystroke="shift meta v" />
  </action>
  <action id="EditorSplitLine" />
  <action id="ExpandAllRegions">
    <keyboard-shortcut first-keystroke="ctrl space" />
  </action>
  <action id="ExpandAllToLevel1">
    <keyboard-shortcut first-keystroke="ctrl 2" />
  </action>
  <action id="ExpandAllToLevel2">
    <keyboard-shortcut first-keystroke="ctrl 3" />
  </action>
  <action id="ExpandAllToLevel3">
    <keyboard-shortcut first-keystroke="ctrl 4" />
  </action>
  <action id="ExpandAllToLevel4">
    <keyboard-shortcut first-keystroke="ctrl 5" />
  </action>
  <action id="ExpandAllToLevel5">
    <keyboard-shortcut first-keystroke="ctrl 6" />
  </action>
  <action id="ExpandToLevel1" />
  <action id="ExpandToLevel2" />
  <action id="ExpandToLevel3" />
  <action id="ExpandToLevel4" />
  <action id="ExpandToLevel5" />
  <action id="FileChooser.GotoHome" />
  <action id="Git.Reword.Commit">
    <keyboard-shortcut first-keystroke="shift f6" />
  </action>
  <action id="GotoBookmark1" />
  <action id="GotoBookmark2" />
  <action id="GotoBookmark3" />
  <action id="GotoBookmark4" />
  <action id="GotoBookmark5" />
  <action id="GotoBookmark6" />
  <action id="GotoLine">
    <keyboard-shortcut first-keystroke="ctrl g" />
  </action>
  <action id="GotoNextError" />
  <action id="GotoTest" />
  <action id="Images.ShowThumbnails" />
  <action id="ManageRecentProjects">
    <keyboard-shortcut first-keystroke="meta k" />
  </action>
  <action id="NextProjectWindow" />
  <action id="PasteMultiple" />
  <action id="ProjectViewChangeView" />
  <action id="ReformatCode">
    <keyboard-shortcut first-keystroke="meta enter" />
  </action>
  <action id="RenameElement">
    <keyboard-shortcut first-keystroke="f2" />
  </action>
  <action id="ReopenClosedTab">
    <keyboard-shortcut first-keystroke="shift meta t" />
  </action>
  <action id="SelectNextOccurrence" />
  <action id="ShowNavBar" />
  <action id="ViewSource" />
  <action id="XDebugger.EditWatch" />
  <action id="XDebugger.SetValue" />
  <action id="XDebugger.ToggleSortValues">
    <keyboard-shortcut first-keystroke="meta number_sign" />
  </action>
  <action id="com.jetbrains.python.console.RunPythonConsoleAction">
    <keyboard-shortcut first-keystroke="meta back_quote" />
  </action>
</keymap>